Latitude,Longitude,Name,Phone 1,Phone 2,Block,Sarpanch,Mobile,Population
15.6425788,73.75966266,Agarwada Chopdem,2246254,,,,,
15.70420883,73.90235385,Allorna,2205221,,,,,
15.68872422,73.71204404,Arambol,2242966,,,,,
15.7339968,73.81502494,Casne-ambre-Porascadem,2201331,,,,,
15.71826794,73.87189856,Casarvarnem,2205220,,,,,
15.73218339,73.89997679,Chandel-Hasapur,2205100,,,,,
15.71205547,73.75111145,Corgao,2241189,,,,,
15.6684597,73.83836571,Dhargalim,2240250,,,,,
15.70820975,73.93660984,Ibrampur-Hankhane,2209222,,,,,
15.66298866,73.7270007,Mandrem,2247222,,,,,
15.6367931,73.74013983,Morjim,2244310,,,,,
15.68752578,73.88085482,Ozarim,2207110,,,,,
15.66856368,73.77908048,Parcem,2246247,,,,,
15.70608416,73.72083728,Paliem,2292128,,,,,
15.71577865,73.6968994,Querim-Tiracol,2292161,,,,,
15.7604242,73.84015803,Tamboxem-Mopa-Ugavem,2204511,,,,,
15.77081554,73.84585776,Torxem,2204510,,,,,
15.66745475,73.79685984,Tuem,2240585,,,,,
15.69990032,73.82245813,Vironda,2201336,,,,,
15.72693031,73.83497672,Warkhand-Nagzar,2204111,,,,,
15.63842391,73.89815878,Advalpale,2215211,,,,,
15.53400377,73.98214555,Amona,2386433,,,,,
15.54392579,74.01292838,Cudnem,2364217,,,,,
15.56455304,74.04559386,Harvalem,,,,,,
15.55743773,73.97858982,Karapur-Sarvan,2364273,,,,,
15.64593247,73.94085733,Latambarcem,2380113,,,,,
15.57901196,73.92047419,Maem-Vaiguinim,2387054,,,,,
15.69857551,73.89763723,Mencrem-Dhumacem,2210279,,,,,
15.60886163,73.9215985,Mulgao,2215261,,,,,
15.54982468,73.92146435,Naroa,2387012,,,,,
15.53038758,74.00739891,Navelim,2386111,,,,,
15.61297711,73.97685691,Ona-Maulingem-Curchirem,2361258,,,,,
15.47805251,74.06080943,Pale-Cothombi,2372226,,,,,
15.55532096,73.95118052,Piligao,2362364,,,,,
15.69258822,73.93037072,Salem,2389270,,,,,
15.60409492,73.90260932,Sirigao,3950398,,,,,
15.49913244,74.03039342,Surla,2353234,,,,,
15.50119632,74.05353708,Velguem,2353249,,,,,
15.45108315,73.92460686,Azossim-Mandur,2208160,,,,,
15.44761256,73.88344293,Batim,2217453,,,,,
15.48676473,73.93238913,Carambolim,2284964,,,,,
15.49587621,73.87270103,Chimbel,2449790,,,,,
15.55129593,73.89017752,Chodan-Madel,2239340,,,,,
15.4889796,73.93647891,Corlim,2285855,,,,,
15.51354397,73.94849158,Cumbharjua,2287004,,,,,
15.45841412,73.87277788,Curca-Bambolim-Talaulim,2218565,,,,,
15.53040046,74.00738879,Golti-Naveli,2280078,,,,,
15.48556338,73.85329581,Merces,2448058,,,,,
15.44308999,73.91739986,Neura,2208161,,,,,
15.47635668,73.84635464,St. Cruz,2448769,,,,,
15.44322615,73.86496945,Siridao-Pale,2218505,,,,,
15.44418093,73.88056828,St. Andre(Goa Velha),2218579,,,,,
15.5315976,73.94875509,St. Estevam,2287003,,,,,
15.4263801,73.89836743,St. Lawrence(Agassaim),2218519,,,,,
15.52967548,73.91255257,Sao Matias,2280079,,,,,
15.50080559,73.90944758,Se Old Goa,2285734,,,,,
15.47002281,73.81980077,Taliegao,2465354,,,,,
15.52997054,74.13012357,Bhirondem,2382169,,,,,
15.48213655,74.14337405,Cotorem,2378108,,,,,
15.60619679,74.14143128,Dongurli-Thane,2379274,,,,,
15.47429103,74.10894826,Guleli,2378493,,,,,
15.55083533,74.04616936,Honda,2370222,,,,,
15.54548826,74.1182989,Mauxi,2374279,,,,,
15.59282107,74.03922064,Morlem,2368382,,,,,
15.55705717,74.16009825,Nagargao,2374258,,,,,
15.52904343,74.07048087,Pissurlem,2352089,,,,,
15.58719748,74.02833247,Poriem,6410375,,,,,
15.45962034,73.99967743,Querim,2369277,,,,,
15.28129918,74.17984701,Sanvordem,2358151,,,,,
15.58896108,73.87427272,Aldona,2293242,,,,,
15.58931544,73.75103426,Anjuna-Caisua,2273246,,,,,
15.55123049,73.76543587,Arpora-Nagoa,2277147,,,,,
15.59976175,73.76828739,Assagao,2268218,,,,,
15.61842882,73.9020997,Assonora,2215263,,,,,
15.58213874,73.82183325,Bastora,2260003,,,,,
15.54363688,73.76554204,Calangute,2276016,,,,,
15.64407321,73.80209498,Camurlim,2212171,,,,,
15.51858042,73.76768441,Candolim,2489061,,,,,
15.64480262,73.83645877,Colvale,2299817,,,,,
15.57057448,73.80447369,Guirim,2263565,,,,,
15.59486387,73.83870167,Moira,2470344,,,,,
15.591583,73.85527559,Nachinola,2293500,,,,,
15.67135986,73.86080136,Nadora,2211189,,,,,
15.51017326,73.78298811,Nerul,2401979,,,,,
15.63416583,73.77115251,Oxel,2272272,,,,,
15.57398667,73.79369281,Parra,2472089,,,,,
15.51937183,73.84677179,Penha-de France,2417822,2417213,,,,
15.51966792,73.80551464,Pilerne-Marra,2407466,,,,,
15.66870442,73.88161173,Pirna,2210101,,,,,
15.56160793,73.86457804,Pomburpa-Olaulim,2295244,,,,,
15.50756085,73.80974518,Reis-Magos,2402332,,,,,
15.65143054,73.85071188,Revora,2299501,,,,,
15.54732972,73.78933688,Saligao,2278374,,,,,
15.53181096,73.85731848,Salvador do Mundo,2417821,,,,,
15.54285812,73.81051529,Sangolda,2417823,,,,,
15.61985958,73.76846037,Siolim-Marna,2272205,,,,,
15.62114862,73.79555092,Siolim-Sodiem,2272278,,,,,
15.62448415,73.87962756,Sirsaim,2298339,,,,,
15.54621292,73.82330545,Socorro,2417304,,,,,
15.62272681,73.85604141,Tivim,2298595,,,,,
15.57852052,73.83174487,Ucassaim-Paliem-Punola,2261825,,,,,
15.58149381,73.79215372,Verla Canca,2472009,,,,,
15.40435017,73.98476229,Bandora,2335102,,,,,
15.38707103,74.04439725,Betora-Nirankal,2330030,,,,,
15.51449779,73.97376533,Betqui-Candola,2287860,,,,,
15.4779087,73.96243043,Bhoma-Adcolna,2395216,,,,,
15.36744049,74.00326007,Borim,2333233,,,,,
15.44921713,73.95422225,Cundaim,2395344,,,,,
15.42561533,74.04629433,Curti-Khandepar,2313103,2345010,,,,
15.37145737,73.97503924,Durbhat,2325053,,,,,
15.42247123,73.94980202,Marcaim,2392256,,,,,
15.28501608,74.08094937,Panchawadi,2309680,,,,,
15.3899969,73.99426392,Queula,2313176,,,,,
15.71780812,73.69508315,Querim,2340362,,,,,
15.31947605,74.02925343,Shiroda,2306230,,,,,
15.51481469,73.96103924,Tivre-Orgao,2287734,,,,,
15.44185653,74.06523105,Usgao-Ganjem,2344213,2345139,,,,
15.4399358,73.9782374,Veling-Priol-Cuncoliem,2343409,,,,,
15.48359939,74.01765289,Verem-Vaghurme,2340234,,,,,
15.49458335,74.01330251,Volvoi,2340810,,,,,
15.37620533,73.97594838,Wadi-Talaulim,2325047,,,,,
15.33937182,74.20618807,Collem,2600245,,,,,
15.39169219,74.12207023,Dharbandora,2614080,,,,,
15.33264923,74.11209121,Kirlapal-Dabal,2618267,,,,,
15.37576132,74.22641131,Mollem,2612235,,,,,
15.41014546,74.17199549,Sancordem,2611120,,,,,
15.18666112,74.12848945,Bhati,2607337,,,,,
15.29035592,74.18363845,Kalay,2601204,,,,,
15.12966179,74.20825104,Curdi-Vadem,2609243,,,,,
15.09460059,74.21592846,Neturlim,2608227,,,,,
15.16647986,74.10770933,Rivona,2602227,,,,,
15.26897033,74.11415144,Sanvordem,2605176,,,,,
15.22466827,74.17142429,Uguem,2604213,,,,,
15.19404507,74.05544891,Ambaulim,2662270,,,,,
15.25836901,74.06819228,Assolda,2757770,,,,,
15.23510547,74.05112972,Avedem-Cothombi-Chaifi,2663160,,,,,
15.16326654,74.04745835,Balli-Adnem,2670210,,,,,
15.09267183,74.01237313,Barcem-Quedem,2673034,,,,,
15.11476362,74.00056551,Caurem-Pirla,3223457,,,,,
15.14367955,73.9985081,Fatorpa-Quitol,2955331,,,,,
15.18658803,74.12779644,Molcornem,2678230,,,,,
15.11279261,73.98491094,Morpirla,2670452,,,,,
15.13552608,73.95478137,Naqueri-Betul,2676135,,,,,
15.27972849,74.07498319,Xeldem,2662230,,,,,
15.0504019,73.99812589,Agonda,2647357,,,,,
15.07260504,73.96794727,Cola,2647213,,,,,
15.00751288,74.16552815,Cotigao,2639166,,,,,
15.03425621,74.12068431,Gaondongrem,2649385,,,,,
14.94236704,74.06916587,Loliem-Polem,2640247,,,,,
14.97178794,74.08929835,Poinguinim,2641205,,,,,
15.00886971,74.07138698,Shristhal,2633380,,,,,
15.16762142,73.97738257,Ambelim,2773232,,,,,
15.18630633,73.94703937,Assolna,2773278,,,,,
15.25965085,73.97924068,Aquem-Baixo,2766343,,,,,
15.30102914,73.9196909,Betalbatim,2880036,,,,,
15.6440675,73.80209811,Camurlim,2777019,,,,,
15.25880022,73.93104993,Cana-Benaulim,2770164,,,,,
15.2034831,73.95148944,Carmona,2744692,,,,,
15.18630817,73.94703858,Cavelossim,2871521,,,,,
15.2609333,74.04443789,Chnador-Cavorim,2784250,,,,,
15.21055609,73.97736706,Chinchinim,2863283,,,,,
15.27903344,73.92240352,Colva,2788485,,,,,
15.2882053,74.02170626,Curtorim,2786283,,,,,
15.26987443,73.98728033,Davorlim-Dicarpale,2753084,,,,,
15.23836102,73.98140412,Dramapur-Sirlim,2765060,,,,,
15.26810305,74.04869089,Guirdolim,2784235,,,,,
15.34190865,73.98384482,Loutulim,2777018,,,,,
15.28953263,74.05660281,Macasana,2786269,,,,,
15.25490689,73.96640681,Navelim,2726404,,,,,
15.30735879,73.9451708,Nuvem,2790103,,,,,
15.21675126,73.95005203,Orlim,2745020,,,,,
15.20741439,74.06914981,Paroda,2869511,,,,,
15.30886519,74.01035313,Rachol,2776020,,,,,
15.31552684,73.98486083,Raia,2776183,,,,,
15.27533572,73.98292562,Rumadamol-Davorlim,2752015,,,,,
15.25891117,74.00691973, Sao Jose De Areal,2860372,,,,,
15.22137128,73.9954144,Sarzora,2864097,,,,,
15.28875408,73.94045935,Seraulim,2788765,,,,,
15.37619713,73.97594632,Telaulim,2726403,,,,,
15.23157455,73.94303184,Varca,2745057,,,,,
15.16591509,73.97550433,Velim,2773231,,,,,
15.34541998,73.89798754,Cansaulim-Arossim-Cuelim,,,,,,
15.39843112,73.84429179,Chicalim,2754048,,,,,
15.37049464,73.83708468,Chicolna,2540226,,,,,
15.39738913,73.91444479,Cortalim,2538952,,,,,
15.31392452,73.92105976,Majorda-Utorda-Calata,2550247,,,,,
15.35571069,73.92700206,Nagoa,2881435,,,,,
15.38637106,73.90038561,Sancoale,2783736,,,,,
15.35453467,73.89038474,Velsao-Pale-Issorcim,2550221,,,,,
15.36646267,73.94700823,Verna,2754066,,,,,
15.38489412,73.93981462,Quelossim,,,,,,